<?xml version="1.0" encoding="UTF-8"?>
<themes>
	<!-- Include the base font -->
	<include filename="fonts.xml" />

	<fontDef name="battle" filename="/data/themes/default/res/fonts/battle.ttf" color="#FFFFFF" shadow_offset_x="1" shadow_offset_y="1" shadow_color="#CC000000" size="72" hinting="Full"/>
	<fontDef name="braille" ref="battle" color="#000000"/>

  <fontDef name="mechabold-large" filename="/data/themes/default/res/fonts/NotoSansCJK-Bold.ttc" faces="sc,tc,jp" color="#FFFFFF" hinting="Slight" kerning="false" size="26" border_width="2" border_color="#2f2f2f"/>
  <fontDef name="mechabold-large-red" ref="mechabold" color="#F09999" />
  <fontDef name="mechabold-large-green" ref="mechabold" color="#9BFF9B" />
  <fontDef name="mechabold-large-blue" ref="mechabold" color="#87ceeb" />
  <fontDef name="mechabold-large-tm" ref="mechabold" color="#ffffff">
          <fontParam if="disabled" color="#CCC"/>
  </fontDef>

  <fontDef name="mechabold-xl" filename="/data/themes/default/res/fonts/NotoSansCJK-Bold.ttc" color="#FFFFFF" hinting="AutoFull" kerning="false" size="32" border_width="3" border_color="#2f2f2f" characters="❶❷❸❹❺❻❼❽❾❿"/>

  <fontDef name="symbols-white" filename="/data/themes/default/res/fonts/DejaVuLGCSans.ttf" color="#FFFFFF" size="32" hinting="AutoFull" incremental="false" characters="┌├└─←→↑↓▸◂↖↗↙↘☒➤↻☒⇲"/>
  <fontDef name="symbols-black" ref="symbols-white" color="#000000"/>

  <fontDef name="level" filename="/data/themes/default/res/fonts/NotoSansCJK-Medium.ttc" faces="sc,tc,jp" color="#ffc600" incremental="false" characters="Lv." size="26" border_width="3">
    <fontParam if="disabled" color="#CCC"/>
  </fontDef>

  <fontDef name="med-noshadow-14-white" filename="/data/themes/default/res/fonts/NotoSansCJK-Bold.ttc" faces="sc,tc,jp" font_color="#FFFFFF" size="24"/>
  <fontDef name="med-noshadow-16-white" filename="/data/themes/default/res/fonts/NotoSansCJK-Bold.ttc" faces="sc,tc,jp" font_color="#FFFFFF" size="24"/>
  <fontDef name="med-noshadow-16-white-markup" filename="/data/themes/default/res/fonts/NotoSansCJK-Bold.ttc" markup="true" faces="sc,tc,jp" font_color="#FFFFFF" size="24"/>
  <fontDef name="med-noshadow-18-white" filename="/data/themes/default/res/fonts/NotoSansCJK-Bold.ttc" faces="sc,tc,jp" font_color="#FFFFFF" size="24"/>
  <fontDef name="med-noshadow-18-white-markup" filename="/data/themes/default/res/fonts/NotoSansCJK-Bold.ttc" markup="true" faces="sc,tc,jp" font_color="#FFFFFF" size="24"/>
  <fontDef name="med-noshadow-20-white" filename="/data/themes/default/res/fonts/NotoSansCJK-Bold.ttc" faces="sc,tc,jp" font_color="#FFFFFF" size="24"/>
  <fontDef name="med-noshadow-20-white-markup" filename="/data/themes/default/res/fonts/NotoSansCJK-Bold.ttc" markup="true"
           faces="sc,tc,jp" font_color="#FFFFFF" size="24"/>
  <fontDef name="med-noshadow-22-white" filename="/data/themes/default/res/fonts/NotoSansCJK-Bold.ttc" faces="sc,tc,jp" font_color="#FFFFFF" size="24"/>

  <fontDef name="med-shadow-16-white" filename="/data/themes/default/res/fonts/NotoSansCJK-Bold.ttc" faces="sc,tc,jp" font_color="#FFFFFF" shadow_color="#A0000000" shadow_offset_x="2" shadow_offset_y="2" size="24"/>
  <fontDef name="med-shadow-18-white" filename="/data/themes/default/res/fonts/NotoSansCJK-Bold.ttc" faces="sc,tc,jp" font_color="#FFFFFF" shadow_color="#A0000000" shadow_offset_x="2" shadow_offset_y="2" size="24" default="true"/>


  <fontDef name="med-shadow-20-white" filename="/data/themes/default/res/fonts/NotoSansCJK-Bold.ttc" faces="sc,tc,jp" font_color="#FFFFFF" shadow_color="#A0000000" shadow_offset_x="2" shadow_offset_y="2" size="20"/>

  <fontDef name="med-shadow-22-white" filename="/data/themes/default/res/fonts/NotoSansCJK-Bold.ttc" faces="sc,tc,jp" font_color="#FFFFFF" shadow_color="#A0000000" shadow_offset_x="2" shadow_offset_y="2" size="26"/>

  <fontDef name="med-noshadow-16-dark-green" ref="med-noshadow-18-white" color="#56d245"/>
  <fontDef name="med-noshadow-16-blue" ref="med-noshadow-16-white" color="#3498DB"/>
  <fontDef name="med-noshadow-18-blue" ref="med-noshadow-18-white" color="#3498DB"/>
  <fontDef name="med-noshadow-18-green" ref="med-noshadow-18-white" color="#00bf00"/>
  <fontDef name="med-noshadow-18-darkred" ref="med-noshadow-18-white" color="#d80000"/>
  <fontDef name="med-noshadow-18-orange" ref="med-noshadow-18-white" color="#FF9900"/>
  <fontDef name="med-noshadow-22-blue" ref="med-noshadow-22-white" color="#3498DB"/>
  <fontDef name="med-noshadow-22-brown" ref="med-noshadow-22-white" color="#ff8484"/>
  <fontDef name="med-noshadow-22-yellow" ref="med-noshadow-22-white" color="#e2c57e"/>

  <fontDef name="med-noshadow-16-yellow" ref="med-noshadow-16-white" color="#FFD800"/>
  <fontDef name="med-noshadow-16-yellow" ref="med-noshadow-16-white" color="#FFD800"/>
  <fontDef name="med-noshadow-16-dark-gold-yellow" ref="med-noshadow-16-white" color="#BF8915"/>
  <fontDef name="med-noshadow-16-red" ref="med-noshadow-16-white" color="#fc6a78"/>
  
  <fontDef name="med-noshadow-18-yellow" ref="med-noshadow-18-white" color="#FFD800"/>
  <fontDef name="med-noshadow-18-dark-gold-yellow" ref="med-noshadow-18-white" color="#BF8915"/>
  <fontDef name="med-noshadow-18-red" ref="med-noshadow-18-white" color="#fc6a78"/>

  <fontDef name="med-noshadow-16-gray" ref="med-noshadow-16-white" color="#FF333333"/>
  <fontDef name="med-noshadow-16-gray-markup" filename="/data/themes/default/res/fonts/NotoSansCJK-Bold.ttc" faces="sc,tc,jp" font_color="#FFFFFF" shadow_color="#A0000000" shadow_offset_x="2" shadow_offset_y="2" size="24" color="#FF333333"/>

  <fontDef name="med-noshadow-16-lightgray" ref="med-noshadow-16-white" color="#88111111"/>
  <fontDef name="med-noshadow-18-lightgray" ref="med-noshadow-18-white" color="#88111111"/>
  <fontDef name="med-noshadow-22-lightgray" ref="med-noshadow-22-white" color="#88111111"/>

  <fontDef name="med-noshadow-18-yellow" ref="med-noshadow-18-white" color="#FFD800"/>

  <fontDef name="med-shadow-16-white-transparent" ref="med-shadow-16-white" color="#D8FFFFFF"/>
  <fontDef name="med-shadow-18-white-transparent" ref="med-shadow-18-white" color="#D8FFFFFF"/>
  <fontDef name="med-shadow-22-white-transparent" ref="med-shadow-22-white" color="#D8FFFFFF"/>

  <fontDef name="med-noshadow-22-gray" ref="med-noshadow-22-white" color="#111111"/>

  <fontDef name="16pt-gray" ref="med-noshadow-16-white" color="#333333"/>
  <fontDef name="18pt-gray" ref="med-noshadow-18-white" color="#333333"/>
  <fontDef name="22pt-gray" ref="med-noshadow-22-white" color="#333333"/>

	<fontDef name="normal" filename="/data/themes/default/res/fonts/NotoSansCJK-Medium.ttc" faces="sc,tc,jp" font_color="#FFFFFF" size="24"/>
	<fontDef name="xlarge" filename="/data/themes/default/res/fonts/NotoSansCJK-Medium.ttc" faces="sc,tc,jp" font_color="#FFFFFF" size="28"/>


	<!-- mostly menu titles etc -->
	<fontDef name="xxlarge" filename="/data/themes/default/res/fonts/NotoSansCJK-Medium.ttc" faces="sc,tc,jp" font_color="#FFFFFF" size="28"/>

 	<fontDef name="chatfont" filename="/data/themes/default/res/fonts/NotoSansCJK-Medium.ttc" faces="sc,tc,jp" color="#FFFFFF" size="24" hinting="Full" unique_atlas="true"> <!-- Chat font gets it's own atlas -->
		<fontParam if="disabled" color="#A9A9A9"/>
		<fontParam if="pressed" offsetX="1" offsetY="1"/>
	</fontDef>
	<fontDef name="chatfont-gray" ref="chatfont" color="#484848"/>
	<fontDef name="chatfont-black" ref="chatfont" color="black"/>
	<fontDef name="chatfont-green" ref="chatfont" color="#7CB147"/>
	<fontDef name="chatfont-blue" ref="chatfont" color="#AACFFF"/>
	<fontDef name="chatfont-orange-shadow" ref="chatfont" color="#FF9900"/>
	<fontDef name="chatfont-battle" ref="chatfont" color="#FFFF00"/>
	<fontDef name="chatfont-orange" ref="chatfont" color="#FF9900"/>
	<fontDef name="chatfont-lightgreen" ref="chatfont" color="#66FF66"/>
	<fontDef name="chatfont-purple" ref="chatfont" color="#FF99FF"/>
	<fontDef name="chatfont-teal" ref="chatfont" color="#81ddf1"/>
	<fontDef name="chatfont-red" ref="chatfont" color="#f09999"/>
	<fontDef name="chatfont-yellow" ref="chatfont" color="#e2c57e"/>
	<fontDef name="chatfont-brown" ref="chatfont" color="#ff8484"/>
	<fontDef name="chatfont-gm" ref="chatfont" color="#5e98ff"/>
	<fontDef name="chatfont-cm" ref="chatfont" color="#58ff64"/>
	<fontDef name="chatfont-hgm" ref="chatfont" color="#ff5858"/>
	<fontDef name="chatfont-dev" ref="chatfont" color="#d575ff"/>
	<fontDef name="chatfont-admin" ref="chatfont" color="#ff63cb"/>
	<fontDef name="chatfont-friend" ref="chatfont" color="#58ff64"/>
	<fontDef name="chatfont-team" ref="chatfont" color="#00ffff"/>
</themes>
